-- MySQL Script generated by MySQL Workbench
-- Tue May 14 11:30:09 2024
-- Model: New Model    Version: 1.0
-- MySQL Workbench Forward Engineering

SET @OLD_UNIQUE_CHECKS=@@UNIQUE_CHECKS, UNIQUE_CHECKS=0;
SET @OLD_FOREIGN_KEY_CHECKS=@@FOREIGN_KEY_CHECKS, FOREIGN_KEY_CHECKS=0;
SET @OLD_SQL_MODE=@@SQL_MODE, SQL_MODE='ONLY_FULL_GROUP_BY,STRICT_TRANS_TABLES,NO_ZERO_IN_DATE,NO_ZERO_DATE,ERROR_FOR_DIVISION_BY_ZERO,NO_ENGINE_SUBSTITUTION';

-- -----------------------------------------------------
-- Schema arius_database
-- -----------------------------------------------------

-- -----------------------------------------------------
-- Schema arius_database
-- -----------------------------------------------------
CREATE SCHEMA IF NOT EXISTS `arius_database` DEFAULT CHARACTER SET utf8 ;
USE `arius_database` ;

-- -----------------------------------------------------
-- Table `arius_database`.`tb_clientes`
-- -----------------------------------------------------
DROP TABLE IF EXISTS `arius_database`.`tb_clientes` ;

CREATE TABLE IF NOT EXISTS `arius_database`.`tb_clientes` (
  `identificacion` VARCHAR(12) NOT NULL,
  `tipo_identificacion` CHAR(1) NOT NULL COMMENT 'CÉDULA|RIF',
  `nombre` VARCHAR(120) NOT NULL,
  `telefono1` CHAR(14) NOT NULL,
  `telefono2` CHAR(14) NULL,
  `correo` VARCHAR(60) NULL,
  `direccion` VARCHAR(250) NOT NULL,
  `referencia` VARCHAR(250) NULL,
  `created` DATETIME NOT NULL,
  `updated` DATETIME NOT NULL,
  `estatus` CHAR(1) NOT NULL DEFAULT 'A',
  PRIMARY KEY (`identificacion`))
ENGINE = InnoDB;


-- -----------------------------------------------------
-- Table `arius_database`.`tb_departamentos`
-- -----------------------------------------------------
DROP TABLE IF EXISTS `arius_database`.`tb_departamentos` ;

CREATE TABLE IF NOT EXISTS `arius_database`.`tb_departamentos` (
  `iddepartamento` INT NOT NULL AUTO_INCREMENT,
  `departamento` VARCHAR(45) NOT NULL,
  `created` DATETIME NOT NULL DEFAULT now(),
  `updated` DATETIME NOT NULL DEFAULT now(),
  `estatus` CHAR(1) NOT NULL DEFAULT 'A',
  PRIMARY KEY (`iddepartamento`))
ENGINE = InnoDB;


-- -----------------------------------------------------
-- Table `arius_database`.`tb_cargos`
-- -----------------------------------------------------
DROP TABLE IF EXISTS `arius_database`.`tb_cargos` ;

CREATE TABLE IF NOT EXISTS `arius_database`.`tb_cargos` (
  `idcargo` INT NOT NULL AUTO_INCREMENT,
  `cargo` VARCHAR(60) NOT NULL,
  `iddepartamento` INT NOT NULL,
  `created` DATETIME NOT NULL DEFAULT now(),
  `updated` DATETIME NOT NULL DEFAULT now(),
  `estatus` CHAR(1) NOT NULL DEFAULT 'A',
  PRIMARY KEY (`idcargo`),
  INDEX `fk_tb_cargos_tb_departamentos1_idx` (`iddepartamento` ASC),
  CONSTRAINT `fk_tb_cargos_tb_departamentos1`
    FOREIGN KEY (`iddepartamento`)
    REFERENCES `arius_database`.`tb_departamentos` (`iddepartamento`)
    ON DELETE NO ACTION
    ON UPDATE NO ACTION)
ENGINE = InnoDB;


-- -----------------------------------------------------
-- Table `arius_database`.`tb_personal`
-- -----------------------------------------------------
DROP TABLE IF EXISTS `arius_database`.`tb_personal` ;

CREATE TABLE IF NOT EXISTS `arius_database`.`tb_personal` (
  `cedula` CHAR(10) NOT NULL,
  `nombre` VARCHAR(120) NOT NULL,
  `telefono1` CHAR(14) NOT NULL,
  `telefono2` CHAR(14) NULL,
  `correo` VARCHAR(60) NOT NULL,
  `direccion` VARCHAR(250) NOT NULL,
  `referencia` VARCHAR(250) NULL,
  `idcargo` INT NOT NULL,
  `created` DATETIME NOT NULL DEFAULT now(),
  `updated` DATETIME NOT NULL DEFAULT now(),
  `estatus` CHAR(1) NOT NULL DEFAULT 'A',
  PRIMARY KEY (`cedula`),
  INDEX `fk_tb_personal_tb_cargos1_idx` (`idcargo` ASC),
  CONSTRAINT `fk_tb_personal_tb_cargos1`
    FOREIGN KEY (`idcargo`)
    REFERENCES `arius_database`.`tb_cargos` (`idcargo`)
    ON DELETE NO ACTION
    ON UPDATE NO ACTION)
ENGINE = InnoDB;


-- -----------------------------------------------------
-- Table `arius_database`.`tb_dispositivos`
-- -----------------------------------------------------
DROP TABLE IF EXISTS `arius_database`.`tb_dispositivos` ;

CREATE TABLE IF NOT EXISTS `arius_database`.`tb_dispositivos` (
  `iddispositivo` INT NOT NULL AUTO_INCREMENT,
  `tipo` CHAR(1) NOT NULL,
  `dispositivo` VARCHAR(60) NOT NULL,
  `created` DATETIME NOT NULL,
  `updated` DATETIME NOT NULL,
  `estatus` CHAR(1) NOT NULL DEFAULT 'A',
  PRIMARY KEY (`iddispositivo`))
ENGINE = InnoDB;


-- -----------------------------------------------------
-- Table `arius_database`.`tb_mapa_zonas`
-- -----------------------------------------------------
DROP TABLE IF EXISTS `arius_database`.`tb_mapa_zonas` ;

CREATE TABLE IF NOT EXISTS `arius_database`.`tb_mapa_zonas` (
  `idcodigo` CHAR(4) NULL COMMENT '4 DIGITOS',
  `registro` DATE NOT NULL,
  `tipocontrato` CHAR(1) NOT NULL COMMENT 'HOGAR, OFICINA, EMPRESA, OTROS',
  `idcliente` VARCHAR(12) NOT NULL,
  `direccion` VARCHAR(250) NOT NULL,
  `referencia` VARCHAR(250) NULL,
  `idpanel` INT NULL,
  `idteclado` INT NULL,
  `reporta_por` VARCHAR(120) NULL,
  `telefono_asig` CHAR(14) NULL,
  `fecha_instalacion` DATE NULL,
  `fecha_entrega` DATE NULL,
  `cedula_asesor` CHAR(10) NOT NULL,
  `ubicacion_panel` VARCHAR(200) NULL,
  `particiones_sistema` VARCHAR(120) NULL,
  `imei` CHAR(15) NULL,
  `linea_principal` VARCHAR(20) NULL,
  `linea_respaldo` VARCHAR(20) NULL,
  `observaciones` VARCHAR(2000) NULL,
  `monitoreo_contratado` CHAR(1) NOT NULL DEFAULT 'N' COMMENT 'MONITOREO CONTRATADO',
  `monitoreo_estatus` CHAR(1) NOT NULL,
  `created` DATETIME NOT NULL,
  `updated` DATETIME NOT NULL,
  `estatus` CHAR(1) NOT NULL DEFAULT 'A',
  INDEX `fk_tb_contrato_tb_clientes1_idx` (`idcliente` ASC),
  PRIMARY KEY (`idcodigo`),
  INDEX `fk_tb_mapa_zonas_tb_personal1_idx` (`cedula_asesor` ASC),
  INDEX `fk_tb_mapa_zonas_tb_dispositivos1_idx` (`idteclado` ASC),
  INDEX `fk_tb_mapa_zonas_tb_dispositivos2_idx` (`idpanel` ASC),
  CONSTRAINT `fk_tb_contrato_tb_clientes1`
    FOREIGN KEY (`idcliente`)
    REFERENCES `arius_database`.`tb_clientes` (`identificacion`)
    ON DELETE NO ACTION
    ON UPDATE CASCADE,
  CONSTRAINT `fk_tb_mapa_zonas_tb_personal1`
    FOREIGN KEY (`cedula_asesor`)
    REFERENCES `arius_database`.`tb_personal` (`cedula`)
    ON DELETE NO ACTION
    ON UPDATE CASCADE,
  CONSTRAINT `fk_tb_mapa_zonas_tb_dispositivos1`
    FOREIGN KEY (`idteclado`)
    REFERENCES `arius_database`.`tb_dispositivos` (`iddispositivo`)
    ON DELETE NO ACTION
    ON UPDATE NO ACTION,
  CONSTRAINT `fk_tb_mapa_zonas_tb_dispositivos2`
    FOREIGN KEY (`idpanel`)
    REFERENCES `arius_database`.`tb_dispositivos` (`iddispositivo`)
    ON DELETE NO ACTION
    ON UPDATE NO ACTION)
ENGINE = InnoDB;


-- -----------------------------------------------------
-- Table `arius_database`.`tb_servicios_solicitados`
-- -----------------------------------------------------
DROP TABLE IF EXISTS `arius_database`.`tb_servicios_solicitados` ;

CREATE TABLE IF NOT EXISTS `arius_database`.`tb_servicios_solicitados` (
  `idsolicitud` INT NOT NULL AUTO_INCREMENT,
  `idcodigo` CHAR(4) NOT NULL,
  `fecha` DATE NOT NULL,
  `motivo` CHAR(1) NOT NULL,
  `descripcion` VARCHAR(2000) NULL,
  `cedula` CHAR(10) NOT NULL,
  `created` DATETIME NOT NULL,
  `updated` DATETIME NOT NULL,
  `estatus` CHAR(1) NOT NULL DEFAULT 'A',
  PRIMARY KEY (`idsolicitud`),
  INDEX `fk_tb_servicios_solicitados_tb_mapa_zonas1_idx` (`idcodigo` ASC),
  INDEX `fk_tb_servicios_solicitados_tb_personal1_idx` (`cedula` ASC),
  CONSTRAINT `fk_tb_servicios_solicitados_tb_mapa_zonas1`
    FOREIGN KEY (`idcodigo`)
    REFERENCES `arius_database`.`tb_mapa_zonas` (`idcodigo`)
    ON DELETE NO ACTION
    ON UPDATE CASCADE,
  CONSTRAINT `fk_tb_servicios_solicitados_tb_personal1`
    FOREIGN KEY (`cedula`)
    REFERENCES `arius_database`.`tb_personal` (`cedula`)
    ON DELETE NO ACTION
    ON UPDATE NO ACTION)
ENGINE = InnoDB;


-- -----------------------------------------------------
-- Table `arius_database`.`tb_visitas`
-- -----------------------------------------------------
DROP TABLE IF EXISTS `arius_database`.`tb_visitas` ;

CREATE TABLE IF NOT EXISTS `arius_database`.`tb_visitas` (
  `idvisita` INT NOT NULL AUTO_INCREMENT,
  `idcodigo` CHAR(4) NOT NULL,
  `idsolicitud` INT NULL,
  `fecha` DATE NOT NULL,
  `servicioprestado` VARCHAR(2000) NOT NULL,
  `pendientes` VARCHAR(250) NULL,
  `estatus` CHAR(1) NOT NULL DEFAULT 'A',
  PRIMARY KEY (`idvisita`),
  INDEX `fk_tb_visitas_detalles_tb_mapa_zonas1_idx` (`idcodigo` ASC),
  INDEX `fk_tb_visitas_detalles_tb_servicios_solicitados1_idx` (`idsolicitud` ASC),
  CONSTRAINT `fk_tb_visitas_detalles_tb_mapa_zonas1`
    FOREIGN KEY (`idcodigo`)
    REFERENCES `arius_database`.`tb_mapa_zonas` (`idcodigo`)
    ON DELETE NO ACTION
    ON UPDATE CASCADE,
  CONSTRAINT `fk_tb_visitas_detalles_tb_servicios_solicitados1`
    FOREIGN KEY (`idsolicitud`)
    REFERENCES `arius_database`.`tb_servicios_solicitados` (`idsolicitud`)
    ON DELETE NO ACTION
    ON UPDATE NO ACTION)
ENGINE = InnoDB;


-- -----------------------------------------------------
-- Table `arius_database`.`tb_contactos`
-- -----------------------------------------------------
DROP TABLE IF EXISTS `arius_database`.`tb_contactos` ;

CREATE TABLE IF NOT EXISTS `arius_database`.`tb_contactos` (
  `idcontacto` INT NOT NULL AUTO_INCREMENT,
  `idcliente` VARCHAR(11) NOT NULL,
  `contrasena` VARCHAR(255) NULL,
  `nota` VARCHAR(250) NULL,
  `idcodigo` CHAR(4) NOT NULL,
  PRIMARY KEY (`idcontacto`),
  INDEX `fk_tb_usuarios_tb_clientes1_idx` (`idcliente` ASC),
  INDEX `fk_tb_usuarios_tb_contratos1_idx` (`idcodigo` ASC),
  CONSTRAINT `fk_tb_usuarios_tb_clientes1`
    FOREIGN KEY (`idcliente`)
    REFERENCES `arius_database`.`tb_clientes` (`identificacion`)
    ON DELETE NO ACTION
    ON UPDATE CASCADE,
  CONSTRAINT `fk_tb_usuarios_tb_contratos1`
    FOREIGN KEY (`idcodigo`)
    REFERENCES `arius_database`.`tb_mapa_zonas` (`idcodigo`)
    ON DELETE NO ACTION
    ON UPDATE NO ACTION)
ENGINE = InnoDB;


-- -----------------------------------------------------
-- Table `arius_database`.`tb_config_disp`
-- -----------------------------------------------------
DROP TABLE IF EXISTS `arius_database`.`tb_config_disp` ;

CREATE TABLE IF NOT EXISTS `arius_database`.`tb_config_disp` (
  `idconfiguracion` INT NOT NULL AUTO_INCREMENT,
  `configuracion` VARCHAR(45) NOT NULL,
  `created` DATETIME NOT NULL,
  `updated` DATETIME NOT NULL,
  `estatus` CHAR(1) NOT NULL DEFAULT 'A',
  PRIMARY KEY (`idconfiguracion`))
ENGINE = InnoDB;


-- -----------------------------------------------------
-- Table `arius_database`.`tb_zonas`
-- -----------------------------------------------------
DROP TABLE IF EXISTS `arius_database`.`tb_zonas` ;

CREATE TABLE IF NOT EXISTS `arius_database`.`tb_zonas` (
  `idzona` INT NOT NULL AUTO_INCREMENT,
  `zona` VARCHAR(250) NOT NULL,
  `iddispositivo` INT NOT NULL,
  `idconfiguracion` INT NULL,
  `nota` VARCHAR(250) NULL,
  `idcodigo` CHAR(4) NOT NULL,
  PRIMARY KEY (`idzona`),
  INDEX `fk_tb_zonas_tb_contratos1_idx` (`idcodigo` ASC),
  INDEX `fk_tb_zonas_tb_configuracion1_idx` (`idconfiguracion` ASC),
  INDEX `fk_tb_zonas_tb_dispositivos1_idx` (`iddispositivo` ASC),
  CONSTRAINT `fk_tb_zonas_tb_contratos1`
    FOREIGN KEY (`idcodigo`)
    REFERENCES `arius_database`.`tb_mapa_zonas` (`idcodigo`)
    ON DELETE NO ACTION
    ON UPDATE NO ACTION,
  CONSTRAINT `fk_tb_zonas_tb_configuracion1`
    FOREIGN KEY (`idconfiguracion`)
    REFERENCES `arius_database`.`tb_config_disp` (`idconfiguracion`)
    ON DELETE NO ACTION
    ON UPDATE NO ACTION,
  CONSTRAINT `fk_tb_zonas_tb_dispositivos1`
    FOREIGN KEY (`iddispositivo`)
    REFERENCES `arius_database`.`tb_dispositivos` (`iddispositivo`)
    ON DELETE NO ACTION
    ON UPDATE NO ACTION)
ENGINE = InnoDB;


-- -----------------------------------------------------
-- Table `arius_database`.`tb_instalacion_tecnicos`
-- -----------------------------------------------------
DROP TABLE IF EXISTS `arius_database`.`tb_instalacion_tecnicos` ;

CREATE TABLE IF NOT EXISTS `arius_database`.`tb_instalacion_tecnicos` (
  `iddetalle` INT NOT NULL AUTO_INCREMENT,
  `cedula` CHAR(10) NOT NULL,
  `idcodigo` CHAR(4) NOT NULL,
  INDEX `fk_tb_tecnicos_tb_personal1_idx` (`cedula` ASC),
  PRIMARY KEY (`iddetalle`),
  INDEX `fk_tb_tecnicos_instalacion_tb_mapa_zonas1_idx` (`idcodigo` ASC),
  CONSTRAINT `fk_tb_tecnicos_tb_personal1`
    FOREIGN KEY (`cedula`)
    REFERENCES `arius_database`.`tb_personal` (`cedula`)
    ON DELETE NO ACTION
    ON UPDATE CASCADE,
  CONSTRAINT `fk_tb_tecnicos_instalacion_tb_mapa_zonas1`
    FOREIGN KEY (`idcodigo`)
    REFERENCES `arius_database`.`tb_mapa_zonas` (`idcodigo`)
    ON DELETE NO ACTION
    ON UPDATE CASCADE)
ENGINE = InnoDB;


-- -----------------------------------------------------
-- Table `arius_database`.`tb_visitas_tecnicos`
-- -----------------------------------------------------
DROP TABLE IF EXISTS `arius_database`.`tb_visitas_tecnicos` ;

CREATE TABLE IF NOT EXISTS `arius_database`.`tb_visitas_tecnicos` (
  `iddetalle` INT NOT NULL AUTO_INCREMENT,
  `cedula` CHAR(10) NOT NULL,
  `idvisita` INT NOT NULL,
  INDEX `fk_tb_tecnicos_visitas_tb_personal1_idx` (`cedula` ASC),
  PRIMARY KEY (`iddetalle`),
  INDEX `fk_tb_tecnicos_visitas_tb_visitas_detalles1_idx` (`idvisita` ASC),
  CONSTRAINT `fk_tb_tecnicos_visitas_tb_personal1`
    FOREIGN KEY (`cedula`)
    REFERENCES `arius_database`.`tb_personal` (`cedula`)
    ON DELETE NO ACTION
    ON UPDATE CASCADE,
  CONSTRAINT `fk_tb_tecnicos_visitas_tb_visitas_detalles1`
    FOREIGN KEY (`idvisita`)
    REFERENCES `arius_database`.`tb_visitas` (`idvisita`)
    ON DELETE NO ACTION
    ON UPDATE NO ACTION)
ENGINE = InnoDB;


-- -----------------------------------------------------
-- Table `arius_database`.`tb_roles`
-- -----------------------------------------------------
DROP TABLE IF EXISTS `arius_database`.`tb_roles` ;

CREATE TABLE IF NOT EXISTS `arius_database`.`tb_roles` (
  `idrol` INT NOT NULL AUTO_INCREMENT,
  `rol` VARCHAR(60) NOT NULL,
  `created` DATETIME NOT NULL DEFAULT now(),
  `updated` DATETIME NOT NULL DEFAULT now(),
  `estatus` CHAR(1) NOT NULL DEFAULT 'A',
  PRIMARY KEY (`idrol`))
ENGINE = InnoDB;


-- -----------------------------------------------------
-- Table `arius_database`.`tb_usuarios`
-- -----------------------------------------------------
DROP TABLE IF EXISTS `arius_database`.`tb_usuarios` ;

CREATE TABLE IF NOT EXISTS `arius_database`.`tb_usuarios` (
  `idusuario` INT NOT NULL AUTO_INCREMENT,
  `cedula` CHAR(10) NOT NULL,
  `usuario` VARCHAR(30) NOT NULL,
  `contrasena` VARCHAR(255) NOT NULL,
  `idrol` INT NOT NULL,
  `pregunta1` VARCHAR(60) NULL,
  `respuesta1` VARCHAR(255) NULL,
  `pregunta2` VARCHAR(60) NULL,
  `respuesta2` VARCHAR(255) NULL,
  `intentos` INT NOT NULL DEFAULT 0,
  `created` DATETIME NOT NULL DEFAULT now(),
  `updated` DATETIME NOT NULL DEFAULT now(),
  `estatus` CHAR(1) NOT NULL DEFAULT 'P',
  PRIMARY KEY (`idusuario`),
  INDEX `fk_tb_usuarios_tb_personal1_idx` (`cedula` ASC),
  INDEX `fk_tb_usuarios_tb_roles1_idx` (`idrol` ASC),
  CONSTRAINT `fk_tb_usuarios_tb_personal1`
    FOREIGN KEY (`cedula`)
    REFERENCES `arius_database`.`tb_personal` (`cedula`)
    ON DELETE NO ACTION
    ON UPDATE CASCADE,
  CONSTRAINT `fk_tb_usuarios_tb_roles1`
    FOREIGN KEY (`idrol`)
    REFERENCES `arius_database`.`tb_roles` (`idrol`)
    ON DELETE NO ACTION
    ON UPDATE NO ACTION)
ENGINE = InnoDB;


-- -----------------------------------------------------
-- Table `arius_database`.`tb_reportes_diarios`
-- -----------------------------------------------------
DROP TABLE IF EXISTS `arius_database`.`tb_reportes_diarios` ;

CREATE TABLE IF NOT EXISTS `arius_database`.`tb_reportes_diarios` (
  `idreporte` INT NOT NULL AUTO_INCREMENT,
  `fecha` DATE NOT NULL,
  `cedula` CHAR(10) NOT NULL,
  `turno` VARCHAR(20) NOT NULL,
  `servidormensajeria` VARCHAR(250) NULL,
  `radio` VARCHAR(45) NULL,
  `lineasreportes` VARCHAR(45) NULL,
  `observaciones` VARCHAR(2000) NULL,
  `created` DATETIME NOT NULL,
  `updated` DATETIME NOT NULL,
  `estatus` CHAR(1) NOT NULL DEFAULT 'A',
  PRIMARY KEY (`idreporte`),
  INDEX `fk_tb_reportes_diarios_tb_personal1_idx` (`cedula` ASC),
  CONSTRAINT `fk_tb_reportes_diarios_tb_personal1`
    FOREIGN KEY (`cedula`)
    REFERENCES `arius_database`.`tb_personal` (`cedula`)
    ON DELETE NO ACTION
    ON UPDATE CASCADE)
ENGINE = InnoDB;


-- -----------------------------------------------------
-- Table `arius_database`.`tb_reportes_detalles`
-- -----------------------------------------------------
DROP TABLE IF EXISTS `arius_database`.`tb_reportes_detalles` ;

CREATE TABLE IF NOT EXISTS `arius_database`.`tb_reportes_detalles` (
  `iddetalle` INT NOT NULL AUTO_INCREMENT,
  `idreporte` INT NOT NULL,
  `idcodigo` CHAR(4) NOT NULL,
  `hora` TIME NOT NULL,
  `evento` VARCHAR(500) NOT NULL,
  PRIMARY KEY (`iddetalle`),
  INDEX `fk_tb_rd_detalles_tb_reportes_diarios1_idx` (`idreporte` ASC),
  INDEX `fk_tb_rd_detalles_tb_mapa_zonas1_idx` (`idcodigo` ASC),
  CONSTRAINT `fk_tb_rd_detalles_tb_reportes_diarios1`
    FOREIGN KEY (`idreporte`)
    REFERENCES `arius_database`.`tb_reportes_diarios` (`idreporte`)
    ON DELETE NO ACTION
    ON UPDATE NO ACTION,
  CONSTRAINT `fk_tb_rd_detalles_tb_mapa_zonas1`
    FOREIGN KEY (`idcodigo`)
    REFERENCES `arius_database`.`tb_mapa_zonas` (`idcodigo`)
    ON DELETE NO ACTION
    ON UPDATE CASCADE)
ENGINE = InnoDB;


-- -----------------------------------------------------
-- Table `arius_database`.`tb_notas`
-- -----------------------------------------------------
DROP TABLE IF EXISTS `arius_database`.`tb_notas` ;

CREATE TABLE IF NOT EXISTS `arius_database`.`tb_notas` (
  `idnota` INT NOT NULL AUTO_INCREMENT,
  `titulo` VARCHAR(60) NOT NULL,
  `descripcion` VARCHAR(200) NOT NULL,
  `idusuario` INT NOT NULL,
  `fechatope` DATETIME NULL,
  `created` DATETIME NOT NULL,
  `updated` DATETIME NOT NULL,
  `estatus` CHAR(1) NOT NULL DEFAULT 'P' COMMENT 'PENDIENTE, COMPLETADO',
  PRIMARY KEY (`idnota`),
  INDEX `fk_tb_tareas_tb_usuarios1_idx` (`idusuario` ASC),
  CONSTRAINT `fk_tb_tareas_tb_usuarios1`
    FOREIGN KEY (`idusuario`)
    REFERENCES `arius_database`.`tb_usuarios` (`idusuario`)
    ON DELETE NO ACTION
    ON UPDATE NO ACTION)
ENGINE = InnoDB;


-- -----------------------------------------------------
-- Table `arius_database`.`tb_horarios`
-- -----------------------------------------------------
DROP TABLE IF EXISTS `arius_database`.`tb_horarios` ;

CREATE TABLE IF NOT EXISTS `arius_database`.`tb_horarios` (
  `idhorario` INT NOT NULL AUTO_INCREMENT,
  `marcados` VARCHAR(45) NOT NULL,
  `horainicio` CHAR(8) NOT NULL,
  `horafinal` CHAR(8) NOT NULL,
  `idcodigo` CHAR(4) NOT NULL,
  PRIMARY KEY (`idhorario`),
  INDEX `fk_Horario_tb_mapa_zonas1_idx` (`idcodigo` ASC),
  CONSTRAINT `fk_tb_horario_tb_mapa_zonas1`
    FOREIGN KEY (`idcodigo`)
    REFERENCES `arius_database`.`tb_mapa_zonas` (`idcodigo`)
    ON DELETE NO ACTION
    ON UPDATE NO ACTION)
ENGINE = InnoDB;


-- -----------------------------------------------------
-- Table `arius_database`.`tb_modulos`
-- -----------------------------------------------------
DROP TABLE IF EXISTS `arius_database`.`tb_modulos` ;

CREATE TABLE IF NOT EXISTS `arius_database`.`tb_modulos` (
  `idmodulo` INT NOT NULL AUTO_INCREMENT,
  `orden` INT(2) NOT NULL,
  `icono` VARCHAR(30) NULL,
  `modulo` VARCHAR(60) NOT NULL,
  `created` DATETIME NOT NULL,
  `updated` DATETIME NOT NULL,
  `estatus` CHAR(1) NOT NULL DEFAULT 'A',
  PRIMARY KEY (`idmodulo`))
ENGINE = InnoDB;


-- -----------------------------------------------------
-- Table `arius_database`.`tb_servicios`
-- -----------------------------------------------------
DROP TABLE IF EXISTS `arius_database`.`tb_servicios` ;

CREATE TABLE IF NOT EXISTS `arius_database`.`tb_servicios` (
  `idservicio` INT NOT NULL AUTO_INCREMENT,
  `orden` INT(2) NULL,
  `servicio` VARCHAR(60) NOT NULL,
  `menu_url` VARCHAR(60) NULL,
  `idmodulo` INT NOT NULL,
  `idservicio_raiz` INT NULL,
  `created` DATETIME NOT NULL,
  `updated` DATETIME NOT NULL,
  `estatus` CHAR(1) NOT NULL DEFAULT 'A',
  PRIMARY KEY (`idservicio`),
  INDEX `fk_tb_servicios_tb_modulos1_idx` (`idmodulo` ASC),
  INDEX `fk_tb_servicios_tb_servicios1_idx` (`idservicio_raiz` ASC),
  CONSTRAINT `fk_tb_servicios_tb_modulos1`
    FOREIGN KEY (`idmodulo`)
    REFERENCES `arius_database`.`tb_modulos` (`idmodulo`)
    ON DELETE NO ACTION
    ON UPDATE NO ACTION,
  CONSTRAINT `fk_tb_servicios_tb_servicios1`
    FOREIGN KEY (`idservicio_raiz`)
    REFERENCES `arius_database`.`tb_servicios` (`idservicio`)
    ON DELETE NO ACTION
    ON UPDATE NO ACTION)
ENGINE = InnoDB;


-- -----------------------------------------------------
-- Table `arius_database`.`tb_rol_modulo`
-- -----------------------------------------------------
DROP TABLE IF EXISTS `arius_database`.`tb_rol_modulo` ;

CREATE TABLE IF NOT EXISTS `arius_database`.`tb_rol_modulo` (
  `idrol` INT NOT NULL,
  `idmodulo` INT NOT NULL,
  INDEX `fk_tb_modulo_detalle_tb_modulos1_idx` (`idmodulo` ASC),
  INDEX `fk_tb_modulo_detalle_tb_roles1_idx` (`idrol` ASC),
  CONSTRAINT `fk_tb_modulo_detalle_tb_modulos1`
    FOREIGN KEY (`idmodulo`)
    REFERENCES `arius_database`.`tb_modulos` (`idmodulo`)
    ON DELETE NO ACTION
    ON UPDATE NO ACTION,
  CONSTRAINT `fk_tb_modulo_detalle_tb_roles1`
    FOREIGN KEY (`idrol`)
    REFERENCES `arius_database`.`tb_roles` (`idrol`)
    ON DELETE NO ACTION
    ON UPDATE NO ACTION)
ENGINE = InnoDB;


-- -----------------------------------------------------
-- Table `arius_database`.`tb_bitacora`
-- -----------------------------------------------------
DROP TABLE IF EXISTS `arius_database`.`tb_bitacora` ;

CREATE TABLE IF NOT EXISTS `arius_database`.`tb_bitacora` (
  `idbitacora` INT NOT NULL AUTO_INCREMENT,
  `fecha` DATETIME NOT NULL,
  `ip` VARCHAR(15) NOT NULL,
  `navegador` VARCHAR(255) NOT NULL,
  `user_agent` VARCHAR(255) NOT NULL,
  `operacion` VARCHAR(30) NOT NULL,
  `descripcion` TEXT NOT NULL,
  `idusuario` INT NOT NULL,
  PRIMARY KEY (`idbitacora`),
  INDEX `fk_tb_bitacora_tb_usuarios1_idx` (`idusuario` ASC),
  CONSTRAINT `fk_tb_bitacora_tb_usuarios1`
    FOREIGN KEY (`idusuario`)
    REFERENCES `arius_database`.`tb_usuarios` (`idusuario`)
    ON DELETE NO ACTION
    ON UPDATE NO ACTION)
ENGINE = InnoDB;


-- -----------------------------------------------------
-- Table `arius_database`.`tb_rol_servicio`
-- -----------------------------------------------------
DROP TABLE IF EXISTS `arius_database`.`tb_rol_servicio` ;

CREATE TABLE IF NOT EXISTS `arius_database`.`tb_rol_servicio` (
  `idrol` INT NOT NULL,
  `idservicio` INT NOT NULL,
  INDEX `fk_tb_rol_servicio_tb_roles1_idx` (`idrol` ASC),
  INDEX `fk_tb_rol_servicio_tb_servicios1_idx` (`idservicio` ASC),
  CONSTRAINT `fk_tb_rol_servicio_tb_roles1`
    FOREIGN KEY (`idrol`)
    REFERENCES `arius_database`.`tb_roles` (`idrol`)
    ON DELETE NO ACTION
    ON UPDATE NO ACTION,
  CONSTRAINT `fk_tb_rol_servicio_tb_servicios1`
    FOREIGN KEY (`idservicio`)
    REFERENCES `arius_database`.`tb_servicios` (`idservicio`)
    ON DELETE NO ACTION
    ON UPDATE NO ACTION)
ENGINE = InnoDB;


-- -----------------------------------------------------
-- Table `arius_database`.`tb_detalles_conf`
-- -----------------------------------------------------
DROP TABLE IF EXISTS `arius_database`.`tb_detalles_conf` ;

CREATE TABLE IF NOT EXISTS `arius_database`.`tb_detalles_conf` (
  `iddispositivo` INT NOT NULL,
  `idconfiguracion` INT NOT NULL,
  INDEX `fk_tb_detalles_conf_tb_dispositivos1_idx` (`iddispositivo` ASC),
  INDEX `fk_tb_detalles_conf_tb_config_disp1_idx` (`idconfiguracion` ASC),
  CONSTRAINT `fk_tb_detalles_conf_tb_dispositivos1`
    FOREIGN KEY (`iddispositivo`)
    REFERENCES `arius_database`.`tb_dispositivos` (`iddispositivo`)
    ON DELETE NO ACTION
    ON UPDATE NO ACTION,
  CONSTRAINT `fk_tb_detalles_conf_tb_config_disp1`
    FOREIGN KEY (`idconfiguracion`)
    REFERENCES `arius_database`.`tb_config_disp` (`idconfiguracion`)
    ON DELETE NO ACTION
    ON UPDATE NO ACTION)
ENGINE = InnoDB
COMMENT = '			';


SET SQL_MODE=@OLD_SQL_MODE;
SET FOREIGN_KEY_CHECKS=@OLD_FOREIGN_KEY_CHECKS;
SET UNIQUE_CHECKS=@OLD_UNIQUE_CHECKS;

-- -----------------------------------------------------
-- Data for table `arius_database`.`tb_departamentos`
-- -----------------------------------------------------
START TRANSACTION;
USE `arius_database`;
INSERT INTO `arius_database`.`tb_departamentos` (`iddepartamento`, `departamento`, `created`, `updated`, `estatus`) VALUES (1, 'OPERACIONES', '2024-05-01 01:00:00', '2024-05-01 01:00:00', DEFAULT);
INSERT INTO `arius_database`.`tb_departamentos` (`iddepartamento`, `departamento`, `created`, `updated`, `estatus`) VALUES (2, 'COMERCIALIZACIÓN', '2024-05-01 01:00:00', '2024-05-01 01:00:00', DEFAULT);
INSERT INTO `arius_database`.`tb_departamentos` (`iddepartamento`, `departamento`, `created`, `updated`, `estatus`) VALUES (3, 'ADMINISTRACIÓN', '2024-05-01 01:00:00', '2024-05-01 01:00:00', DEFAULT);

COMMIT;


-- -----------------------------------------------------
-- Data for table `arius_database`.`tb_cargos`
-- -----------------------------------------------------
START TRANSACTION;
USE `arius_database`;
INSERT INTO `arius_database`.`tb_cargos` (`idcargo`, `cargo`, `iddepartamento`, `created`, `updated`, `estatus`) VALUES (1, 'GERENTE DE OPERACIONES', 1, '2024-05-01 01:00:00', '2024-05-01 01:00:00', DEFAULT);
INSERT INTO `arius_database`.`tb_cargos` (`idcargo`, `cargo`, `iddepartamento`, `created`, `updated`, `estatus`) VALUES (2, 'SUPERVISOR DE OPERACIONES', 1, '2024-05-01 01:00:00', '2024-05-01 01:00:00', DEFAULT);
INSERT INTO `arius_database`.`tb_cargos` (`idcargo`, `cargo`, `iddepartamento`, `created`, `updated`, `estatus`) VALUES (3, 'OPERADOR DE MONITOREO', 1, '2024-05-01 01:00:00', '2024-05-01 01:00:00', DEFAULT);
INSERT INTO `arius_database`.`tb_cargos` (`idcargo`, `cargo`, `iddepartamento`, `created`, `updated`, `estatus`) VALUES (4, 'TÉCNICO INSTALADOR', 1, '2024-05-01 01:00:00', '2024-05-01 01:00:00', DEFAULT);
INSERT INTO `arius_database`.`tb_cargos` (`idcargo`, `cargo`, `iddepartamento`, `created`, `updated`, `estatus`) VALUES (5, 'GERENTE DE COMERCIALIZACIÓN', 2, '2024-05-01 01:00:00', '2024-05-01 01:00:00', DEFAULT);
INSERT INTO `arius_database`.`tb_cargos` (`idcargo`, `cargo`, `iddepartamento`, `created`, `updated`, `estatus`) VALUES (6, 'ASESOR DE VENTAS', 2, '2024-05-01 01:00:00', '2024-05-01 01:00:00', DEFAULT);
INSERT INTO `arius_database`.`tb_cargos` (`idcargo`, `cargo`, `iddepartamento`, `created`, `updated`, `estatus`) VALUES (7, 'GERENTE DE ADMINISTRACIÓN', 3, '2024-05-01 01:00:00', '2024-05-01 01:00:00', DEFAULT);
INSERT INTO `arius_database`.`tb_cargos` (`idcargo`, `cargo`, `iddepartamento`, `created`, `updated`, `estatus`) VALUES (8, 'ASISTENTE ADMINISTRATIVO', 3, '2024-05-01 01:00:00', '2024-05-01 01:00:00', DEFAULT);

COMMIT;


-- -----------------------------------------------------
-- Data for table `arius_database`.`tb_personal`
-- -----------------------------------------------------
START TRANSACTION;
USE `arius_database`;
INSERT INTO `arius_database`.`tb_personal` (`cedula`, `nombre`, `telefono1`, `telefono2`, `correo`, `direccion`, `referencia`, `idcargo`, `created`, `updated`, `estatus`) VALUES ('V-00000000', 'WEBMASTER', '(424) 000-0000', NULL, 'MIGUELSOT959@GMAIL.COM', 'S/D', NULL, 1, '2024-05-01 01:00:00', '2024-05-01 01:00:00', DEFAULT);

COMMIT;


-- -----------------------------------------------------
-- Data for table `arius_database`.`tb_dispositivos`
-- -----------------------------------------------------
START TRANSACTION;
USE `arius_database`;
INSERT INTO `arius_database`.`tb_dispositivos` (`iddispositivo`, `tipo`, `dispositivo`, `created`, `updated`, `estatus`) VALUES (1, 'Z', 'DETECTOR PIR', '2024-05-01 01:00:00', '2024-05-01 01:00:00', DEFAULT);
INSERT INTO `arius_database`.`tb_dispositivos` (`iddispositivo`, `tipo`, `dispositivo`, `created`, `updated`, `estatus`) VALUES (2, 'Z', 'CONTACTO MAGNÉTICO', '2024-05-01 01:00:00', '2024-05-01 01:00:00', DEFAULT);
INSERT INTO `arius_database`.`tb_dispositivos` (`iddispositivo`, `tipo`, `dispositivo`, `created`, `updated`, `estatus`) VALUES (3, 'Z', 'DETECTOR PIRCAM', '2024-05-01 01:00:00', '2024-05-01 01:00:00', DEFAULT);
INSERT INTO `arius_database`.`tb_dispositivos` (`iddispositivo`, `tipo`, `dispositivo`, `created`, `updated`, `estatus`) VALUES (4, 'Z', 'REPETIDOR', '2024-05-01 01:00:00', '2024-05-01 01:00:00', DEFAULT);
INSERT INTO `arius_database`.`tb_dispositivos` (`iddispositivo`, `tipo`, `dispositivo`, `created`, `updated`, `estatus`) VALUES (5, 'Z', 'DETECTOR PIR CORTINA', '2024-05-01 01:00:00', '2024-05-01 01:00:00', DEFAULT);
INSERT INTO `arius_database`.`tb_dispositivos` (`iddispositivo`, `tipo`, `dispositivo`, `created`, `updated`, `estatus`) VALUES (6, 'Z', 'DETECTOR PIR DE TECHO', '2024-05-01 01:00:00', '2024-05-01 01:00:00', DEFAULT);
INSERT INTO `arius_database`.`tb_dispositivos` (`iddispositivo`, `tipo`, `dispositivo`, `created`, `updated`, `estatus`) VALUES (7, 'Z', 'BOTÓN DE EMERGENCIA', '2024-05-01 01:00:00', '2024-05-01 01:00:00', DEFAULT);
INSERT INTO `arius_database`.`tb_dispositivos` (`iddispositivo`, `tipo`, `dispositivo`, `created`, `updated`, `estatus`) VALUES (8, 'Z', 'DETECTOR DE FUGA DE AGUA', '2024-05-01 01:00:00', '2024-05-01 01:00:00', DEFAULT);
INSERT INTO `arius_database`.`tb_dispositivos` (`iddispositivo`, `tipo`, `dispositivo`, `created`, `updated`, `estatus`) VALUES (9, 'Z', 'DETECTOR DE VENTANA', '2024-05-01 01:00:00', '2024-05-01 01:00:00', DEFAULT);
INSERT INTO `arius_database`.`tb_dispositivos` (`iddispositivo`, `tipo`, `dispositivo`, `created`, `updated`, `estatus`) VALUES (10, 'Z', 'DETECTOR DE HUMO', '2024-05-01 01:00:00', '2024-05-01 01:00:00', DEFAULT);
INSERT INTO `arius_database`.`tb_dispositivos` (`iddispositivo`, `tipo`, `dispositivo`, `created`, `updated`, `estatus`) VALUES (11, 'Z', 'DETECTOR DE TEMPERATURA', '2024-05-01 01:00:00', '2024-05-01 01:00:00', DEFAULT);
INSERT INTO `arius_database`.`tb_dispositivos` (`iddispositivo`, `tipo`, `dispositivo`, `created`, `updated`, `estatus`) VALUES (12, 'Z', 'BARRERA PERIMETRAL', '2024-05-01 01:00:00', '2024-05-01 01:00:00', DEFAULT);
INSERT INTO `arius_database`.`tb_dispositivos` (`iddispositivo`, `tipo`, `dispositivo`, `created`, `updated`, `estatus`) VALUES (13, 'Z', 'BARRERA INFRARROJA', '2024-05-01 01:00:00', '2024-05-01 01:00:00', DEFAULT);
INSERT INTO `arius_database`.`tb_dispositivos` (`iddispositivo`, `tipo`, `dispositivo`, `created`, `updated`, `estatus`) VALUES (14, 'T', 'INALÁMBRICO', '2024-05-01 01:00:00', '2024-05-01 01:00:00', DEFAULT);
INSERT INTO `arius_database`.`tb_dispositivos` (`iddispositivo`, `tipo`, `dispositivo`, `created`, `updated`, `estatus`) VALUES (15, 'T', 'K32LCD+', '2024-05-01 01:00:00', '2024-05-01 01:00:00', DEFAULT);
INSERT INTO `arius_database`.`tb_dispositivos` (`iddispositivo`, `tipo`, `dispositivo`, `created`, `updated`, `estatus`) VALUES (16, 'T', 'K32+', '2024-05-01 01:00:00', '2024-05-01 01:00:00', DEFAULT);
INSERT INTO `arius_database`.`tb_dispositivos` (`iddispositivo`, `tipo`, `dispositivo`, `created`, `updated`, `estatus`) VALUES (17, 'T', 'K32LX', '2024-05-01 01:00:00', '2024-05-01 01:00:00', DEFAULT);
INSERT INTO `arius_database`.`tb_dispositivos` (`iddispositivo`, `tipo`, `dispositivo`, `created`, `updated`, `estatus`) VALUES (18, 'T', 'K35', '2024-05-01 01:00:00', '2024-05-01 01:00:00', DEFAULT);
INSERT INTO `arius_database`.`tb_dispositivos` (`iddispositivo`, `tipo`, `dispositivo`, `created`, `updated`, `estatus`) VALUES (19, 'T', 'K38', '2024-05-01 01:00:00', '2024-05-01 01:00:00', DEFAULT);
INSERT INTO `arius_database`.`tb_dispositivos` (`iddispositivo`, `tipo`, `dispositivo`, `created`, `updated`, `estatus`) VALUES (20, 'T', 'K636', '2024-05-01 01:00:00', '2024-05-01 01:00:00', DEFAULT);
INSERT INTO `arius_database`.`tb_dispositivos` (`iddispositivo`, `tipo`, `dispositivo`, `created`, `updated`, `estatus`) VALUES (21, 'T', 'K641+', '2024-05-01 01:00:00', '2024-05-01 01:00:00', DEFAULT);
INSERT INTO `arius_database`.`tb_dispositivos` (`iddispositivo`, `tipo`, `dispositivo`, `created`, `updated`, `estatus`) VALUES (22, 'T', 'K656', '2024-05-01 01:00:00', '2024-05-01 01:00:00', DEFAULT);
INSERT INTO `arius_database`.`tb_dispositivos` (`iddispositivo`, `tipo`, `dispositivo`, `created`, `updated`, `estatus`) VALUES (23, 'T', 'TM50', '2024-05-01 01:00:00', '2024-05-01 01:00:00', DEFAULT);
INSERT INTO `arius_database`.`tb_dispositivos` (`iddispositivo`, `tipo`, `dispositivo`, `created`, `updated`, `estatus`) VALUES (24, 'T', 'TM70', '2024-05-01 01:00:00', '2024-05-01 01:00:00', DEFAULT);
INSERT INTO `arius_database`.`tb_dispositivos` (`iddispositivo`, `tipo`, `dispositivo`, `created`, `updated`, `estatus`) VALUES (25, 'P', 'AXPRO', '2024-05-01 01:00:00', '2024-05-01 01:00:00', DEFAULT);
INSERT INTO `arius_database`.`tb_dispositivos` (`iddispositivo`, `tipo`, `dispositivo`, `created`, `updated`, `estatus`) VALUES (26, 'P', 'AXPRO HÍBRIDO', '2024-05-01 01:00:00', '2024-05-01 01:00:00', DEFAULT);
INSERT INTO `arius_database`.`tb_dispositivos` (`iddispositivo`, `tipo`, `dispositivo`, `created`, `updated`, `estatus`) VALUES (27, 'P', 'EZVIZ GATEWAY', '2024-05-01 01:00:00', '2024-05-01 01:00:00', DEFAULT);
INSERT INTO `arius_database`.`tb_dispositivos` (`iddispositivo`, `tipo`, `dispositivo`, `created`, `updated`, `estatus`) VALUES (28, 'P', 'DAHUA HUB', '2024-05-01 01:00:00', '2024-05-01 01:00:00', DEFAULT);
INSERT INTO `arius_database`.`tb_dispositivos` (`iddispositivo`, `tipo`, `dispositivo`, `created`, `updated`, `estatus`) VALUES (29, 'P', 'SP4000', '2024-05-01 01:00:00', '2024-05-01 01:00:00', DEFAULT);
INSERT INTO `arius_database`.`tb_dispositivos` (`iddispositivo`, `tipo`, `dispositivo`, `created`, `updated`, `estatus`) VALUES (30, 'P', 'SP5500', '2024-05-01 01:00:00', '2024-05-01 01:00:00', DEFAULT);
INSERT INTO `arius_database`.`tb_dispositivos` (`iddispositivo`, `tipo`, `dispositivo`, `created`, `updated`, `estatus`) VALUES (31, 'P', 'SP6000', '2024-05-01 01:00:00', '2024-05-01 01:00:00', DEFAULT);
INSERT INTO `arius_database`.`tb_dispositivos` (`iddispositivo`, `tipo`, `dispositivo`, `created`, `updated`, `estatus`) VALUES (32, 'P', 'SP7000', '2024-05-01 01:00:00', '2024-05-01 01:00:00', DEFAULT);
INSERT INTO `arius_database`.`tb_dispositivos` (`iddispositivo`, `tipo`, `dispositivo`, `created`, `updated`, `estatus`) VALUES (33, 'P', 'MG5000', '2024-05-01 01:00:00', '2024-05-01 01:00:00', DEFAULT);
INSERT INTO `arius_database`.`tb_dispositivos` (`iddispositivo`, `tipo`, `dispositivo`, `created`, `updated`, `estatus`) VALUES (34, 'P', 'MG5050', '2024-05-01 01:00:00', '2024-05-01 01:00:00', DEFAULT);
INSERT INTO `arius_database`.`tb_dispositivos` (`iddispositivo`, `tipo`, `dispositivo`, `created`, `updated`, `estatus`) VALUES (35, 'P', 'MG5050+', '2024-05-01 01:00:00', '2024-05-01 01:00:00', DEFAULT);
INSERT INTO `arius_database`.`tb_dispositivos` (`iddispositivo`, `tipo`, `dispositivo`, `created`, `updated`, `estatus`) VALUES (36, 'P', 'MG5075', '2024-05-01 01:00:00', '2024-05-01 01:00:00', DEFAULT);
INSERT INTO `arius_database`.`tb_dispositivos` (`iddispositivo`, `tipo`, `dispositivo`, `created`, `updated`, `estatus`) VALUES (37, 'P', 'EVO192', '2024-05-01 01:00:00', '2024-05-01 01:00:00', DEFAULT);
INSERT INTO `arius_database`.`tb_dispositivos` (`iddispositivo`, `tipo`, `dispositivo`, `created`, `updated`, `estatus`) VALUES (38, 'P', 'EVOHD', '2024-05-01 01:00:00', '2024-05-01 01:00:00', DEFAULT);

COMMIT;


-- -----------------------------------------------------
-- Data for table `arius_database`.`tb_config_disp`
-- -----------------------------------------------------
START TRANSACTION;
USE `arius_database`;
INSERT INTO `arius_database`.`tb_config_disp` (`idconfiguracion`, `configuracion`, `created`, `updated`, `estatus`) VALUES (1, 'INSTANTÁNEA', '2024-05-01 01:00:00', '2024-05-01 01:00:00', DEFAULT);
INSERT INTO `arius_database`.`tb_config_disp` (`idconfiguracion`, `configuracion`, `created`, `updated`, `estatus`) VALUES (2, 'CON RETARDO', '2024-05-01 01:00:00', '2024-05-01 01:00:00', DEFAULT);
INSERT INTO `arius_database`.`tb_config_disp` (`idconfiguracion`, `configuracion`, `created`, `updated`, `estatus`) VALUES (3, '24/7', '2024-05-01 01:00:00', '2024-05-01 01:00:00', DEFAULT);
INSERT INTO `arius_database`.`tb_config_disp` (`idconfiguracion`, `configuracion`, `created`, `updated`, `estatus`) VALUES (4, 'PÁNICO', '2024-05-01 01:00:00', '2024-05-01 01:00:00', DEFAULT);
INSERT INTO `arius_database`.`tb_config_disp` (`idconfiguracion`, `configuracion`, `created`, `updated`, `estatus`) VALUES (5, 'INCENDIO', '2024-05-01 01:00:00', '2024-05-01 01:00:00', DEFAULT);

COMMIT;


-- -----------------------------------------------------
-- Data for table `arius_database`.`tb_roles`
-- -----------------------------------------------------
START TRANSACTION;
USE `arius_database`;
INSERT INTO `arius_database`.`tb_roles` (`idrol`, `rol`, `created`, `updated`, `estatus`) VALUES (1, 'WEBMASTER', '2024-05-01 01:00:00', '2024-05-01 01:00:00', DEFAULT);
INSERT INTO `arius_database`.`tb_roles` (`idrol`, `rol`, `created`, `updated`, `estatus`) VALUES (2, 'ADMINISTRADOR', '2024-05-01 01:00:00', '2024-05-01 01:00:00', DEFAULT);
INSERT INTO `arius_database`.`tb_roles` (`idrol`, `rol`, `created`, `updated`, `estatus`) VALUES (3, 'OPERADOR', '2024-05-01 01:00:00', '2024-05-01 01:00:00', DEFAULT);
INSERT INTO `arius_database`.`tb_roles` (`idrol`, `rol`, `created`, `updated`, `estatus`) VALUES (4, 'TÉCNICO', '2024-05-01 01:00:00', '2024-05-01 01:00:00', DEFAULT);

COMMIT;


-- -----------------------------------------------------
-- Data for table `arius_database`.`tb_usuarios`
-- -----------------------------------------------------
START TRANSACTION;
USE `arius_database`;
INSERT INTO `arius_database`.`tb_usuarios` (`idusuario`, `cedula`, `usuario`, `contrasena`, `idrol`, `pregunta1`, `respuesta1`, `pregunta2`, `respuesta2`, `intentos`, `created`, `updated`, `estatus`) VALUES (1, 'V-00000000', 'admin', '$2y$10$49nb7Pm3SQUjN.sVuFqD8uGprcI1whJLXV/Z5iFhEvkqgRYw2Z9/6', 1, NULL, NULL, NULL, NULL, DEFAULT, '2024-05-01 01:00:00', '2024-05-01 01:00:00', 'P');

COMMIT;


-- -----------------------------------------------------
-- Data for table `arius_database`.`tb_modulos`
-- -----------------------------------------------------
START TRANSACTION;
USE `arius_database`;
INSERT INTO `arius_database`.`tb_modulos` (`idmodulo`, `orden`, `icono`, `modulo`, `created`, `updated`, `estatus`) VALUES (3, 1, 'fas fa-exchange-alt', 'MOVIMIENTOS', '2024-05-01 01:00:00', '2024-05-01 01:00:00', DEFAULT);
INSERT INTO `arius_database`.`tb_modulos` (`idmodulo`, `orden`, `icono`, `modulo`, `created`, `updated`, `estatus`) VALUES (1, 3, 'fas fa-cogs', 'CONFIGURACIÓN', '2024-05-01 01:00:00', '2024-05-01 01:00:00', DEFAULT);
INSERT INTO `arius_database`.`tb_modulos` (`idmodulo`, `orden`, `icono`, `modulo`, `created`, `updated`, `estatus`) VALUES (2, 4, 'fas fa-unlock-alt', 'SEGURIDAD', '2024-05-01 01:00:00', '2024-05-01 01:00:00', DEFAULT);
INSERT INTO `arius_database`.`tb_modulos` (`idmodulo`, `orden`, `icono`, `modulo`, `created`, `updated`, `estatus`) VALUES (4, 2, 'fas fa-file-pdf', 'REPORTES', '2024-05-01 01:00:00', '2024-05-01 01:00:00', DEFAULT);

COMMIT;


-- -----------------------------------------------------
-- Data for table `arius_database`.`tb_servicios`
-- -----------------------------------------------------
START TRANSACTION;
USE `arius_database`;
INSERT INTO `arius_database`.`tb_servicios` (`idservicio`, `orden`, `servicio`, `menu_url`, `idmodulo`, `idservicio_raiz`, `created`, `updated`, `estatus`) VALUES (1, 1, 'CLIENTES', 'clientes', 1, NULL, '2024-05-01 01:00:00', '2024-05-01 01:00:00', DEFAULT);
INSERT INTO `arius_database`.`tb_servicios` (`idservicio`, `orden`, `servicio`, `menu_url`, `idmodulo`, `idservicio_raiz`, `created`, `updated`, `estatus`) VALUES (2, NULL, 'REGISTRAR', 'create', 1, 1, '2024-05-01 01:00:00', '2024-05-01 01:00:00', DEFAULT);
INSERT INTO `arius_database`.`tb_servicios` (`idservicio`, `orden`, `servicio`, `menu_url`, `idmodulo`, `idservicio_raiz`, `created`, `updated`, `estatus`) VALUES (3, NULL, 'MODIFICAR', 'update', 1, 1, '2024-05-01 01:00:00', '2024-05-01 01:00:00', DEFAULT);
INSERT INTO `arius_database`.`tb_servicios` (`idservicio`, `orden`, `servicio`, `menu_url`, `idmodulo`, `idservicio_raiz`, `created`, `updated`, `estatus`) VALUES (4, NULL, 'GESTIONAR ESTATUS', 'toggle', 1, 1, '2024-05-01 01:00:00', '2024-05-01 01:00:00', DEFAULT);
INSERT INTO `arius_database`.`tb_servicios` (`idservicio`, `orden`, `servicio`, `menu_url`, `idmodulo`, `idservicio_raiz`, `created`, `updated`, `estatus`) VALUES (5, 2, 'DEPARTAMENTOS', 'departamentos', 1, NULL, '2024-05-01 01:00:00', '2024-05-01 01:00:00', DEFAULT);
INSERT INTO `arius_database`.`tb_servicios` (`idservicio`, `orden`, `servicio`, `menu_url`, `idmodulo`, `idservicio_raiz`, `created`, `updated`, `estatus`) VALUES (6, NULL, 'REGISTRAR', 'create', 1, 5, '2024-05-01 01:00:00', '2024-05-01 01:00:00', DEFAULT);
INSERT INTO `arius_database`.`tb_servicios` (`idservicio`, `orden`, `servicio`, `menu_url`, `idmodulo`, `idservicio_raiz`, `created`, `updated`, `estatus`) VALUES (7, NULL, 'MODIFICAR', 'update', 1, 5, '2024-05-01 01:00:00', '2024-05-01 01:00:00', DEFAULT);
INSERT INTO `arius_database`.`tb_servicios` (`idservicio`, `orden`, `servicio`, `menu_url`, `idmodulo`, `idservicio_raiz`, `created`, `updated`, `estatus`) VALUES (8, NULL, 'GESTIONAR ESTATUS', 'toggle', 1, 5, '2024-05-01 01:00:00', '2024-05-01 01:00:00', DEFAULT);
INSERT INTO `arius_database`.`tb_servicios` (`idservicio`, `orden`, `servicio`, `menu_url`, `idmodulo`, `idservicio_raiz`, `created`, `updated`, `estatus`) VALUES (9, 3, 'CARGOS', 'cargos', 1, NULL, '2024-05-01 01:00:00', '2024-05-01 01:00:00', DEFAULT);
INSERT INTO `arius_database`.`tb_servicios` (`idservicio`, `orden`, `servicio`, `menu_url`, `idmodulo`, `idservicio_raiz`, `created`, `updated`, `estatus`) VALUES (10, NULL, 'REGISTRAR', 'create', 1, 9, '2024-05-01 01:00:00', '2024-05-01 01:00:00', DEFAULT);
INSERT INTO `arius_database`.`tb_servicios` (`idservicio`, `orden`, `servicio`, `menu_url`, `idmodulo`, `idservicio_raiz`, `created`, `updated`, `estatus`) VALUES (11, NULL, 'MODIFICAR', 'update', 1, 9, '2024-05-01 01:00:00', '2024-05-01 01:00:00', DEFAULT);
INSERT INTO `arius_database`.`tb_servicios` (`idservicio`, `orden`, `servicio`, `menu_url`, `idmodulo`, `idservicio_raiz`, `created`, `updated`, `estatus`) VALUES (12, NULL, 'GESTIONAR ESTATUS', 'toggle', 1, 9, '2024-05-01 01:00:00', '2024-05-01 01:00:00', DEFAULT);
INSERT INTO `arius_database`.`tb_servicios` (`idservicio`, `orden`, `servicio`, `menu_url`, `idmodulo`, `idservicio_raiz`, `created`, `updated`, `estatus`) VALUES (13, 4, 'PERSONAL', 'personal', 1, NULL, '2024-05-01 01:00:00', '2024-05-01 01:00:00', DEFAULT);
INSERT INTO `arius_database`.`tb_servicios` (`idservicio`, `orden`, `servicio`, `menu_url`, `idmodulo`, `idservicio_raiz`, `created`, `updated`, `estatus`) VALUES (14, NULL, 'REGISTRAR', 'create', 1, 13, '2024-05-01 01:00:00', '2024-05-01 01:00:00', DEFAULT);
INSERT INTO `arius_database`.`tb_servicios` (`idservicio`, `orden`, `servicio`, `menu_url`, `idmodulo`, `idservicio_raiz`, `created`, `updated`, `estatus`) VALUES (15, NULL, 'MODIFICAR', 'update', 1, 13, '2024-05-01 01:00:00', '2024-05-01 01:00:00', DEFAULT);
INSERT INTO `arius_database`.`tb_servicios` (`idservicio`, `orden`, `servicio`, `menu_url`, `idmodulo`, `idservicio_raiz`, `created`, `updated`, `estatus`) VALUES (16, NULL, 'GESTIONAR ESTATUS', 'toggle', 1, 13, '2024-05-01 01:00:00', '2024-05-01 01:00:00', DEFAULT);
INSERT INTO `arius_database`.`tb_servicios` (`idservicio`, `orden`, `servicio`, `menu_url`, `idmodulo`, `idservicio_raiz`, `created`, `updated`, `estatus`) VALUES (17, 6, 'DISPOSITIVOS', 'dispositivos', 1, NULL, '2024-05-01 01:00:00', '2024-05-01 01:00:00', DEFAULT);
INSERT INTO `arius_database`.`tb_servicios` (`idservicio`, `orden`, `servicio`, `menu_url`, `idmodulo`, `idservicio_raiz`, `created`, `updated`, `estatus`) VALUES (18, NULL, 'REGISTRAR', 'create', 1, 17, '2024-05-01 01:00:00', '2024-05-01 01:00:00', DEFAULT);
INSERT INTO `arius_database`.`tb_servicios` (`idservicio`, `orden`, `servicio`, `menu_url`, `idmodulo`, `idservicio_raiz`, `created`, `updated`, `estatus`) VALUES (19, NULL, 'MODIFICAR', 'update', 1, 17, '2024-05-01 01:00:00', '2024-05-01 01:00:00', DEFAULT);
INSERT INTO `arius_database`.`tb_servicios` (`idservicio`, `orden`, `servicio`, `menu_url`, `idmodulo`, `idservicio_raiz`, `created`, `updated`, `estatus`) VALUES (20, NULL, 'GESTIONAR ESTATUS', 'toggle', 1, 17, '2024-05-01 01:00:00', '2024-05-01 01:00:00', DEFAULT);
INSERT INTO `arius_database`.`tb_servicios` (`idservicio`, `orden`, `servicio`, `menu_url`, `idmodulo`, `idservicio_raiz`, `created`, `updated`, `estatus`) VALUES (21, 5, 'CONF. DISPOSITIVOS', 'configuracion_disp', 1, NULL, '2024-05-01 01:00:00', '2024-05-01 01:00:00', DEFAULT);
INSERT INTO `arius_database`.`tb_servicios` (`idservicio`, `orden`, `servicio`, `menu_url`, `idmodulo`, `idservicio_raiz`, `created`, `updated`, `estatus`) VALUES (22, NULL, 'REGISTRAR', 'create', 1, 21, '2024-05-01 01:00:00', '2024-05-01 01:00:00', DEFAULT);
INSERT INTO `arius_database`.`tb_servicios` (`idservicio`, `orden`, `servicio`, `menu_url`, `idmodulo`, `idservicio_raiz`, `created`, `updated`, `estatus`) VALUES (23, NULL, 'MODIFICAR', 'update', 1, 21, '2024-05-01 01:00:00', '2024-05-01 01:00:00', DEFAULT);
INSERT INTO `arius_database`.`tb_servicios` (`idservicio`, `orden`, `servicio`, `menu_url`, `idmodulo`, `idservicio_raiz`, `created`, `updated`, `estatus`) VALUES (24, NULL, 'GESTIONAR ESTATUS', 'toggle', 1, 21, '2024-05-01 01:00:00', '2024-05-01 01:00:00', DEFAULT);
INSERT INTO `arius_database`.`tb_servicios` (`idservicio`, `orden`, `servicio`, `menu_url`, `idmodulo`, `idservicio_raiz`, `created`, `updated`, `estatus`) VALUES (25, 1, 'MÓDULOS', 'modulos', 2, NULL, '2024-05-01 01:00:00', '2024-05-01 01:00:00', DEFAULT);
INSERT INTO `arius_database`.`tb_servicios` (`idservicio`, `orden`, `servicio`, `menu_url`, `idmodulo`, `idservicio_raiz`, `created`, `updated`, `estatus`) VALUES (26, NULL, 'REGISTRAR', 'create', 2, 25, '2024-05-01 01:00:00', '2024-05-01 01:00:00', DEFAULT);
INSERT INTO `arius_database`.`tb_servicios` (`idservicio`, `orden`, `servicio`, `menu_url`, `idmodulo`, `idservicio_raiz`, `created`, `updated`, `estatus`) VALUES (27, NULL, 'MODIFICAR', 'update', 2, 25, '2024-05-01 01:00:00', '2024-05-01 01:00:00', DEFAULT);
INSERT INTO `arius_database`.`tb_servicios` (`idservicio`, `orden`, `servicio`, `menu_url`, `idmodulo`, `idservicio_raiz`, `created`, `updated`, `estatus`) VALUES (28, NULL, 'GESTIONAR ESTATUS', 'toggle', 2, 25, '2024-05-01 01:00:00', '2024-05-01 01:00:00', DEFAULT);
INSERT INTO `arius_database`.`tb_servicios` (`idservicio`, `orden`, `servicio`, `menu_url`, `idmodulo`, `idservicio_raiz`, `created`, `updated`, `estatus`) VALUES (29, 2, 'SERVICIOS', 'servicios', 2, NULL, '2024-05-01 01:00:00', '2024-05-01 01:00:00', DEFAULT);
INSERT INTO `arius_database`.`tb_servicios` (`idservicio`, `orden`, `servicio`, `menu_url`, `idmodulo`, `idservicio_raiz`, `created`, `updated`, `estatus`) VALUES (30, NULL, 'REGISTRAR', 'create', 2, 29, '2024-05-01 01:00:00', '2024-05-01 01:00:00', DEFAULT);
INSERT INTO `arius_database`.`tb_servicios` (`idservicio`, `orden`, `servicio`, `menu_url`, `idmodulo`, `idservicio_raiz`, `created`, `updated`, `estatus`) VALUES (31, NULL, 'MODIFICAR', 'update', 2, 29, '2024-05-01 01:00:00', '2024-05-01 01:00:00', DEFAULT);
INSERT INTO `arius_database`.`tb_servicios` (`idservicio`, `orden`, `servicio`, `menu_url`, `idmodulo`, `idservicio_raiz`, `created`, `updated`, `estatus`) VALUES (32, NULL, 'GESTIONAR ESTATUS', 'toggle', 2, 29, '2024-05-01 01:00:00', '2024-05-01 01:00:00', DEFAULT);
INSERT INTO `arius_database`.`tb_servicios` (`idservicio`, `orden`, `servicio`, `menu_url`, `idmodulo`, `idservicio_raiz`, `created`, `updated`, `estatus`) VALUES (33, 3, 'ROLES', 'roles', 2, NULL, '2024-05-01 01:00:00', '2024-05-01 01:00:00', DEFAULT);
INSERT INTO `arius_database`.`tb_servicios` (`idservicio`, `orden`, `servicio`, `menu_url`, `idmodulo`, `idservicio_raiz`, `created`, `updated`, `estatus`) VALUES (34, NULL, 'REGISTRAR', 'create', 2, 33, '2024-05-01 01:00:00', '2024-05-01 01:00:00', DEFAULT);
INSERT INTO `arius_database`.`tb_servicios` (`idservicio`, `orden`, `servicio`, `menu_url`, `idmodulo`, `idservicio_raiz`, `created`, `updated`, `estatus`) VALUES (35, NULL, 'MODIFICAR', 'update', 2, 33, '2024-05-01 01:00:00', '2024-05-01 01:00:00', DEFAULT);
INSERT INTO `arius_database`.`tb_servicios` (`idservicio`, `orden`, `servicio`, `menu_url`, `idmodulo`, `idservicio_raiz`, `created`, `updated`, `estatus`) VALUES (36, NULL, 'GESTIONAR ESTATUS', 'toggle', 2, 33, '2024-05-01 01:00:00', '2024-05-01 01:00:00', DEFAULT);
INSERT INTO `arius_database`.`tb_servicios` (`idservicio`, `orden`, `servicio`, `menu_url`, `idmodulo`, `idservicio_raiz`, `created`, `updated`, `estatus`) VALUES (37, 5, 'BITACORA', 'bitacora', 2, NULL, '2024-05-01 01:00:00', '2024-05-01 01:00:00', DEFAULT);
INSERT INTO `arius_database`.`tb_servicios` (`idservicio`, `orden`, `servicio`, `menu_url`, `idmodulo`, `idservicio_raiz`, `created`, `updated`, `estatus`) VALUES (38, 1, 'MAPAS DE ZONA', 'mapas_de_zonas', 3, NULL, '2024-05-01 01:00:00', '2024-05-01 01:00:00', DEFAULT);
INSERT INTO `arius_database`.`tb_servicios` (`idservicio`, `orden`, `servicio`, `menu_url`, `idmodulo`, `idservicio_raiz`, `created`, `updated`, `estatus`) VALUES (39, NULL, 'REGISTRAR', 'create', 3, 38, '2024-05-01 01:00:00', '2024-05-01 01:00:00', DEFAULT);
INSERT INTO `arius_database`.`tb_servicios` (`idservicio`, `orden`, `servicio`, `menu_url`, `idmodulo`, `idservicio_raiz`, `created`, `updated`, `estatus`) VALUES (40, NULL, 'MODIFICAR', 'update', 3, 38, '2024-05-01 01:00:00', '2024-05-01 01:00:00', DEFAULT);
INSERT INTO `arius_database`.`tb_servicios` (`idservicio`, `orden`, `servicio`, `menu_url`, `idmodulo`, `idservicio_raiz`, `created`, `updated`, `estatus`) VALUES (41, NULL, 'GESTIONAR ESTATUS', 'toggle', 3, 38, '2024-05-01 01:00:00', '2024-05-01 01:00:00', DEFAULT);
INSERT INTO `arius_database`.`tb_servicios` (`idservicio`, `orden`, `servicio`, `menu_url`, `idmodulo`, `idservicio_raiz`, `created`, `updated`, `estatus`) VALUES (42, NULL, 'GENERAR PDF', 'generar_pdf', 3, 38, '2024-05-01 01:00:00', '2024-05-01 01:00:00', DEFAULT);
INSERT INTO `arius_database`.`tb_servicios` (`idservicio`, `orden`, `servicio`, `menu_url`, `idmodulo`, `idservicio_raiz`, `created`, `updated`, `estatus`) VALUES (43, 2, 'SERVICIO TÉCNICO', 'servicios_tecnico', 3, NULL, '2024-05-01 01:00:00', '2024-05-01 01:00:00', DEFAULT);
INSERT INTO `arius_database`.`tb_servicios` (`idservicio`, `orden`, `servicio`, `menu_url`, `idmodulo`, `idservicio_raiz`, `created`, `updated`, `estatus`) VALUES (44, NULL, 'REGISTRAR', 'create', 3, 43, '2024-05-01 01:00:00', '2024-05-01 01:00:00', DEFAULT);
INSERT INTO `arius_database`.`tb_servicios` (`idservicio`, `orden`, `servicio`, `menu_url`, `idmodulo`, `idservicio_raiz`, `created`, `updated`, `estatus`) VALUES (45, NULL, 'MODIFICAR', 'update', 3, 43, '2024-05-01 01:00:00', '2024-05-01 01:00:00', DEFAULT);
INSERT INTO `arius_database`.`tb_servicios` (`idservicio`, `orden`, `servicio`, `menu_url`, `idmodulo`, `idservicio_raiz`, `created`, `updated`, `estatus`) VALUES (46, NULL, 'GESTIONAR ESTATUS', 'toggle', 3, 43, '2024-05-01 01:00:00', '2024-05-01 01:00:00', DEFAULT);
INSERT INTO `arius_database`.`tb_servicios` (`idservicio`, `orden`, `servicio`, `menu_url`, `idmodulo`, `idservicio_raiz`, `created`, `updated`, `estatus`) VALUES (47, NULL, 'GENERAR PDF', 'generar_pdf', 3, 43, '2024-05-01 01:00:00', '2024-05-01 01:00:00', DEFAULT);
INSERT INTO `arius_database`.`tb_servicios` (`idservicio`, `orden`, `servicio`, `menu_url`, `idmodulo`, `idservicio_raiz`, `created`, `updated`, `estatus`) VALUES (48, 3, 'MONITOREO', 'monitoreo', 3, NULL, '2024-05-01 01:00:00', '2024-05-01 01:00:00', DEFAULT);
INSERT INTO `arius_database`.`tb_servicios` (`idservicio`, `orden`, `servicio`, `menu_url`, `idmodulo`, `idservicio_raiz`, `created`, `updated`, `estatus`) VALUES (49, NULL, 'REGISTRAR', 'create', 3, 48, '2024-05-01 01:00:00', '2024-05-01 01:00:00', DEFAULT);
INSERT INTO `arius_database`.`tb_servicios` (`idservicio`, `orden`, `servicio`, `menu_url`, `idmodulo`, `idservicio_raiz`, `created`, `updated`, `estatus`) VALUES (50, NULL, 'MODIFICAR', 'update', 3, 48, '2024-05-01 01:00:00', '2024-05-01 01:00:00', DEFAULT);
INSERT INTO `arius_database`.`tb_servicios` (`idservicio`, `orden`, `servicio`, `menu_url`, `idmodulo`, `idservicio_raiz`, `created`, `updated`, `estatus`) VALUES (51, NULL, 'GESTIONAR ESTATUS', 'toggle', 3, 48, '2024-05-01 01:00:00', '2024-05-01 01:00:00', DEFAULT);
INSERT INTO `arius_database`.`tb_servicios` (`idservicio`, `orden`, `servicio`, `menu_url`, `idmodulo`, `idservicio_raiz`, `created`, `updated`, `estatus`) VALUES (52, NULL, 'GENERAR PDF', 'generar_pdf', 3, 48, '2024-05-01 01:00:00', '2024-05-01 01:00:00', DEFAULT);
INSERT INTO `arius_database`.`tb_servicios` (`idservicio`, `orden`, `servicio`, `menu_url`, `idmodulo`, `idservicio_raiz`, `created`, `updated`, `estatus`) VALUES (54, 4, 'USUARIOS', 'usuarios', 2, NULL, '2024-05-01 01:00:00', '2024-05-01 01:00:00', DEFAULT);
INSERT INTO `arius_database`.`tb_servicios` (`idservicio`, `orden`, `servicio`, `menu_url`, `idmodulo`, `idservicio_raiz`, `created`, `updated`, `estatus`) VALUES (55, NULL, 'REGISTRAR', 'create', 2, 54, '2024-05-01 01:00:00', '2024-05-01 01:00:00', DEFAULT);
INSERT INTO `arius_database`.`tb_servicios` (`idservicio`, `orden`, `servicio`, `menu_url`, `idmodulo`, `idservicio_raiz`, `created`, `updated`, `estatus`) VALUES (56, NULL, 'MODIFICAR', 'update', 2, 54, '2024-05-01 01:00:00', '2024-05-01 01:00:00', DEFAULT);
INSERT INTO `arius_database`.`tb_servicios` (`idservicio`, `orden`, `servicio`, `menu_url`, `idmodulo`, `idservicio_raiz`, `created`, `updated`, `estatus`) VALUES (57, NULL, 'GESTIONAR ESTATUS', 'toggle', 2, 54, '2024-05-01 01:00:00', '2024-05-01 01:00:00', DEFAULT);
INSERT INTO `arius_database`.`tb_servicios` (`idservicio`, `orden`, `servicio`, `menu_url`, `idmodulo`, `idservicio_raiz`, `created`, `updated`, `estatus`) VALUES (53, NULL, 'ORGANIZAR', 'sortable', 2, 25, '2024-05-01 01:00:00', '2024-05-01 01:00:00', DEFAULT);
INSERT INTO `arius_database`.`tb_servicios` (`idservicio`, `orden`, `servicio`, `menu_url`, `idmodulo`, `idservicio_raiz`, `created`, `updated`, `estatus`) VALUES (58, NULL, 'ORGANIZAR', 'sortable', 2, 29, '2024-05-01 01:00:00', '2024-05-01 01:00:00', DEFAULT);

COMMIT;


-- -----------------------------------------------------
-- Data for table `arius_database`.`tb_rol_modulo`
-- -----------------------------------------------------
START TRANSACTION;
USE `arius_database`;
INSERT INTO `arius_database`.`tb_rol_modulo` (`idrol`, `idmodulo`) VALUES (1, 1);
INSERT INTO `arius_database`.`tb_rol_modulo` (`idrol`, `idmodulo`) VALUES (1, 2);
INSERT INTO `arius_database`.`tb_rol_modulo` (`idrol`, `idmodulo`) VALUES (1, 3);
INSERT INTO `arius_database`.`tb_rol_modulo` (`idrol`, `idmodulo`) VALUES (1, 4);

COMMIT;


-- -----------------------------------------------------
-- Data for table `arius_database`.`tb_rol_servicio`
-- -----------------------------------------------------
START TRANSACTION;
USE `arius_database`;
INSERT INTO `arius_database`.`tb_rol_servicio` (`idrol`, `idservicio`) VALUES (1, 1);
INSERT INTO `arius_database`.`tb_rol_servicio` (`idrol`, `idservicio`) VALUES (1, 2);
INSERT INTO `arius_database`.`tb_rol_servicio` (`idrol`, `idservicio`) VALUES (1, 3);
INSERT INTO `arius_database`.`tb_rol_servicio` (`idrol`, `idservicio`) VALUES (1, 4);
INSERT INTO `arius_database`.`tb_rol_servicio` (`idrol`, `idservicio`) VALUES (1, 5);
INSERT INTO `arius_database`.`tb_rol_servicio` (`idrol`, `idservicio`) VALUES (1, 6);
INSERT INTO `arius_database`.`tb_rol_servicio` (`idrol`, `idservicio`) VALUES (1, 7);
INSERT INTO `arius_database`.`tb_rol_servicio` (`idrol`, `idservicio`) VALUES (1, 8);
INSERT INTO `arius_database`.`tb_rol_servicio` (`idrol`, `idservicio`) VALUES (1, 9);
INSERT INTO `arius_database`.`tb_rol_servicio` (`idrol`, `idservicio`) VALUES (1, 10);
INSERT INTO `arius_database`.`tb_rol_servicio` (`idrol`, `idservicio`) VALUES (1, 11);
INSERT INTO `arius_database`.`tb_rol_servicio` (`idrol`, `idservicio`) VALUES (1, 12);
INSERT INTO `arius_database`.`tb_rol_servicio` (`idrol`, `idservicio`) VALUES (1, 13);
INSERT INTO `arius_database`.`tb_rol_servicio` (`idrol`, `idservicio`) VALUES (1, 14);
INSERT INTO `arius_database`.`tb_rol_servicio` (`idrol`, `idservicio`) VALUES (1, 15);
INSERT INTO `arius_database`.`tb_rol_servicio` (`idrol`, `idservicio`) VALUES (1, 16);
INSERT INTO `arius_database`.`tb_rol_servicio` (`idrol`, `idservicio`) VALUES (1, 17);
INSERT INTO `arius_database`.`tb_rol_servicio` (`idrol`, `idservicio`) VALUES (1, 18);
INSERT INTO `arius_database`.`tb_rol_servicio` (`idrol`, `idservicio`) VALUES (1, 19);
INSERT INTO `arius_database`.`tb_rol_servicio` (`idrol`, `idservicio`) VALUES (1, 20);
INSERT INTO `arius_database`.`tb_rol_servicio` (`idrol`, `idservicio`) VALUES (1, 21);
INSERT INTO `arius_database`.`tb_rol_servicio` (`idrol`, `idservicio`) VALUES (1, 22);
INSERT INTO `arius_database`.`tb_rol_servicio` (`idrol`, `idservicio`) VALUES (1, 23);
INSERT INTO `arius_database`.`tb_rol_servicio` (`idrol`, `idservicio`) VALUES (1, 24);
INSERT INTO `arius_database`.`tb_rol_servicio` (`idrol`, `idservicio`) VALUES (1, 25);
INSERT INTO `arius_database`.`tb_rol_servicio` (`idrol`, `idservicio`) VALUES (1, 26);
INSERT INTO `arius_database`.`tb_rol_servicio` (`idrol`, `idservicio`) VALUES (1, 27);
INSERT INTO `arius_database`.`tb_rol_servicio` (`idrol`, `idservicio`) VALUES (1, 28);
INSERT INTO `arius_database`.`tb_rol_servicio` (`idrol`, `idservicio`) VALUES (1, 29);
INSERT INTO `arius_database`.`tb_rol_servicio` (`idrol`, `idservicio`) VALUES (1, 30);
INSERT INTO `arius_database`.`tb_rol_servicio` (`idrol`, `idservicio`) VALUES (1, 31);
INSERT INTO `arius_database`.`tb_rol_servicio` (`idrol`, `idservicio`) VALUES (1, 32);
INSERT INTO `arius_database`.`tb_rol_servicio` (`idrol`, `idservicio`) VALUES (1, 33);
INSERT INTO `arius_database`.`tb_rol_servicio` (`idrol`, `idservicio`) VALUES (1, 34);
INSERT INTO `arius_database`.`tb_rol_servicio` (`idrol`, `idservicio`) VALUES (1, 35);
INSERT INTO `arius_database`.`tb_rol_servicio` (`idrol`, `idservicio`) VALUES (1, 36);
INSERT INTO `arius_database`.`tb_rol_servicio` (`idrol`, `idservicio`) VALUES (1, 37);
INSERT INTO `arius_database`.`tb_rol_servicio` (`idrol`, `idservicio`) VALUES (1, 38);
INSERT INTO `arius_database`.`tb_rol_servicio` (`idrol`, `idservicio`) VALUES (1, 39);
INSERT INTO `arius_database`.`tb_rol_servicio` (`idrol`, `idservicio`) VALUES (1, 40);
INSERT INTO `arius_database`.`tb_rol_servicio` (`idrol`, `idservicio`) VALUES (1, 41);
INSERT INTO `arius_database`.`tb_rol_servicio` (`idrol`, `idservicio`) VALUES (1, 42);
INSERT INTO `arius_database`.`tb_rol_servicio` (`idrol`, `idservicio`) VALUES (1, 43);
INSERT INTO `arius_database`.`tb_rol_servicio` (`idrol`, `idservicio`) VALUES (1, 44);
INSERT INTO `arius_database`.`tb_rol_servicio` (`idrol`, `idservicio`) VALUES (1, 45);
INSERT INTO `arius_database`.`tb_rol_servicio` (`idrol`, `idservicio`) VALUES (1, 46);
INSERT INTO `arius_database`.`tb_rol_servicio` (`idrol`, `idservicio`) VALUES (1, 47);
INSERT INTO `arius_database`.`tb_rol_servicio` (`idrol`, `idservicio`) VALUES (1, 48);
INSERT INTO `arius_database`.`tb_rol_servicio` (`idrol`, `idservicio`) VALUES (1, 49);
INSERT INTO `arius_database`.`tb_rol_servicio` (`idrol`, `idservicio`) VALUES (1, 50);
INSERT INTO `arius_database`.`tb_rol_servicio` (`idrol`, `idservicio`) VALUES (1, 51);
INSERT INTO `arius_database`.`tb_rol_servicio` (`idrol`, `idservicio`) VALUES (1, 52);
INSERT INTO `arius_database`.`tb_rol_servicio` (`idrol`, `idservicio`) VALUES (1, 53);
INSERT INTO `arius_database`.`tb_rol_servicio` (`idrol`, `idservicio`) VALUES (1, 54);
INSERT INTO `arius_database`.`tb_rol_servicio` (`idrol`, `idservicio`) VALUES (1, 55);
INSERT INTO `arius_database`.`tb_rol_servicio` (`idrol`, `idservicio`) VALUES (1, 56);
INSERT INTO `arius_database`.`tb_rol_servicio` (`idrol`, `idservicio`) VALUES (1, 57);
INSERT INTO `arius_database`.`tb_rol_servicio` (`idrol`, `idservicio`) VALUES (1, 58);

COMMIT;


-- -----------------------------------------------------
-- Data for table `arius_database`.`tb_detalles_conf`
-- -----------------------------------------------------
START TRANSACTION;
USE `arius_database`;
INSERT INTO `arius_database`.`tb_detalles_conf` (`iddispositivo`, `idconfiguracion`) VALUES (1, 1);
INSERT INTO `arius_database`.`tb_detalles_conf` (`iddispositivo`, `idconfiguracion`) VALUES (1, 2);
INSERT INTO `arius_database`.`tb_detalles_conf` (`iddispositivo`, `idconfiguracion`) VALUES (1, 3);
INSERT INTO `arius_database`.`tb_detalles_conf` (`iddispositivo`, `idconfiguracion`) VALUES (1, 4);
INSERT INTO `arius_database`.`tb_detalles_conf` (`iddispositivo`, `idconfiguracion`) VALUES (1, 5);
INSERT INTO `arius_database`.`tb_detalles_conf` (`iddispositivo`, `idconfiguracion`) VALUES (2, 1);
INSERT INTO `arius_database`.`tb_detalles_conf` (`iddispositivo`, `idconfiguracion`) VALUES (2, 2);
INSERT INTO `arius_database`.`tb_detalles_conf` (`iddispositivo`, `idconfiguracion`) VALUES (2, 3);
INSERT INTO `arius_database`.`tb_detalles_conf` (`iddispositivo`, `idconfiguracion`) VALUES (2, 4);
INSERT INTO `arius_database`.`tb_detalles_conf` (`iddispositivo`, `idconfiguracion`) VALUES (2, 5);
INSERT INTO `arius_database`.`tb_detalles_conf` (`iddispositivo`, `idconfiguracion`) VALUES (3, 1);
INSERT INTO `arius_database`.`tb_detalles_conf` (`iddispositivo`, `idconfiguracion`) VALUES (3, 2);
INSERT INTO `arius_database`.`tb_detalles_conf` (`iddispositivo`, `idconfiguracion`) VALUES (3, 3);
INSERT INTO `arius_database`.`tb_detalles_conf` (`iddispositivo`, `idconfiguracion`) VALUES (3, 4);
INSERT INTO `arius_database`.`tb_detalles_conf` (`iddispositivo`, `idconfiguracion`) VALUES (3, 5);
INSERT INTO `arius_database`.`tb_detalles_conf` (`iddispositivo`, `idconfiguracion`) VALUES (4, 1);
INSERT INTO `arius_database`.`tb_detalles_conf` (`iddispositivo`, `idconfiguracion`) VALUES (4, 2);
INSERT INTO `arius_database`.`tb_detalles_conf` (`iddispositivo`, `idconfiguracion`) VALUES (4, 3);
INSERT INTO `arius_database`.`tb_detalles_conf` (`iddispositivo`, `idconfiguracion`) VALUES (4, 4);
INSERT INTO `arius_database`.`tb_detalles_conf` (`iddispositivo`, `idconfiguracion`) VALUES (4, 5);
INSERT INTO `arius_database`.`tb_detalles_conf` (`iddispositivo`, `idconfiguracion`) VALUES (5, 1);
INSERT INTO `arius_database`.`tb_detalles_conf` (`iddispositivo`, `idconfiguracion`) VALUES (5, 2);
INSERT INTO `arius_database`.`tb_detalles_conf` (`iddispositivo`, `idconfiguracion`) VALUES (5, 3);
INSERT INTO `arius_database`.`tb_detalles_conf` (`iddispositivo`, `idconfiguracion`) VALUES (5, 4);
INSERT INTO `arius_database`.`tb_detalles_conf` (`iddispositivo`, `idconfiguracion`) VALUES (5, 5);
INSERT INTO `arius_database`.`tb_detalles_conf` (`iddispositivo`, `idconfiguracion`) VALUES (6, 1);
INSERT INTO `arius_database`.`tb_detalles_conf` (`iddispositivo`, `idconfiguracion`) VALUES (6, 2);
INSERT INTO `arius_database`.`tb_detalles_conf` (`iddispositivo`, `idconfiguracion`) VALUES (6, 3);
INSERT INTO `arius_database`.`tb_detalles_conf` (`iddispositivo`, `idconfiguracion`) VALUES (6, 4);
INSERT INTO `arius_database`.`tb_detalles_conf` (`iddispositivo`, `idconfiguracion`) VALUES (6, 5);
INSERT INTO `arius_database`.`tb_detalles_conf` (`iddispositivo`, `idconfiguracion`) VALUES (7, 1);
INSERT INTO `arius_database`.`tb_detalles_conf` (`iddispositivo`, `idconfiguracion`) VALUES (7, 2);
INSERT INTO `arius_database`.`tb_detalles_conf` (`iddispositivo`, `idconfiguracion`) VALUES (7, 3);
INSERT INTO `arius_database`.`tb_detalles_conf` (`iddispositivo`, `idconfiguracion`) VALUES (7, 4);
INSERT INTO `arius_database`.`tb_detalles_conf` (`iddispositivo`, `idconfiguracion`) VALUES (7, 5);
INSERT INTO `arius_database`.`tb_detalles_conf` (`iddispositivo`, `idconfiguracion`) VALUES (8, 1);
INSERT INTO `arius_database`.`tb_detalles_conf` (`iddispositivo`, `idconfiguracion`) VALUES (8, 2);
INSERT INTO `arius_database`.`tb_detalles_conf` (`iddispositivo`, `idconfiguracion`) VALUES (8, 3);
INSERT INTO `arius_database`.`tb_detalles_conf` (`iddispositivo`, `idconfiguracion`) VALUES (8, 4);
INSERT INTO `arius_database`.`tb_detalles_conf` (`iddispositivo`, `idconfiguracion`) VALUES (8, 5);
INSERT INTO `arius_database`.`tb_detalles_conf` (`iddispositivo`, `idconfiguracion`) VALUES (9, 1);
INSERT INTO `arius_database`.`tb_detalles_conf` (`iddispositivo`, `idconfiguracion`) VALUES (9, 2);
INSERT INTO `arius_database`.`tb_detalles_conf` (`iddispositivo`, `idconfiguracion`) VALUES (9, 3);
INSERT INTO `arius_database`.`tb_detalles_conf` (`iddispositivo`, `idconfiguracion`) VALUES (9, 4);
INSERT INTO `arius_database`.`tb_detalles_conf` (`iddispositivo`, `idconfiguracion`) VALUES (9, 5);
INSERT INTO `arius_database`.`tb_detalles_conf` (`iddispositivo`, `idconfiguracion`) VALUES (10, 1);
INSERT INTO `arius_database`.`tb_detalles_conf` (`iddispositivo`, `idconfiguracion`) VALUES (10, 2);
INSERT INTO `arius_database`.`tb_detalles_conf` (`iddispositivo`, `idconfiguracion`) VALUES (10, 3);
INSERT INTO `arius_database`.`tb_detalles_conf` (`iddispositivo`, `idconfiguracion`) VALUES (10, 4);
INSERT INTO `arius_database`.`tb_detalles_conf` (`iddispositivo`, `idconfiguracion`) VALUES (10, 5);
INSERT INTO `arius_database`.`tb_detalles_conf` (`iddispositivo`, `idconfiguracion`) VALUES (11, 1);
INSERT INTO `arius_database`.`tb_detalles_conf` (`iddispositivo`, `idconfiguracion`) VALUES (11, 2);
INSERT INTO `arius_database`.`tb_detalles_conf` (`iddispositivo`, `idconfiguracion`) VALUES (11, 3);
INSERT INTO `arius_database`.`tb_detalles_conf` (`iddispositivo`, `idconfiguracion`) VALUES (11, 4);
INSERT INTO `arius_database`.`tb_detalles_conf` (`iddispositivo`, `idconfiguracion`) VALUES (11, 5);
INSERT INTO `arius_database`.`tb_detalles_conf` (`iddispositivo`, `idconfiguracion`) VALUES (12, 1);
INSERT INTO `arius_database`.`tb_detalles_conf` (`iddispositivo`, `idconfiguracion`) VALUES (12, 2);
INSERT INTO `arius_database`.`tb_detalles_conf` (`iddispositivo`, `idconfiguracion`) VALUES (12, 3);
INSERT INTO `arius_database`.`tb_detalles_conf` (`iddispositivo`, `idconfiguracion`) VALUES (12, 4);
INSERT INTO `arius_database`.`tb_detalles_conf` (`iddispositivo`, `idconfiguracion`) VALUES (12, 5);
INSERT INTO `arius_database`.`tb_detalles_conf` (`iddispositivo`, `idconfiguracion`) VALUES (13, 1);
INSERT INTO `arius_database`.`tb_detalles_conf` (`iddispositivo`, `idconfiguracion`) VALUES (13, 2);
INSERT INTO `arius_database`.`tb_detalles_conf` (`iddispositivo`, `idconfiguracion`) VALUES (13, 3);
INSERT INTO `arius_database`.`tb_detalles_conf` (`iddispositivo`, `idconfiguracion`) VALUES (13, 4);
INSERT INTO `arius_database`.`tb_detalles_conf` (`iddispositivo`, `idconfiguracion`) VALUES (13, 5);

COMMIT;

